"kC","Dys@"
"kC","Dys@k"
"kC","Dys@"
"kC","Dys@΋"
"kC","Dys@L"
"kC","Dys@"
"kC","Dys@"
"kC","Dys@ʋ"
"kC","Dys@"
"kC","Dys@c"
"kC","َs"
"kC","Ms"
"kC","s"
"kC","s"
"kC","Hs"
"kC","эLs"
"kC","ks"
"kC","[s"
"kC","〈s"
"kC","ԑs"
"kC","Gs"
"kC","Ϗqs"
"kC","ts"
"kC","Ss"
"kC","ʎs"
"kC","]ʎs"
"kC","ԕs"
"kC","ʎs"
"kC","mʎs"
"kC","s"
"kC","O}s"
"kC","s"
"kC","Ύs"
"kC","s"
"kC","s"
"kC","̎us"
"kC","[s"
"kC","xǖs"
"kC","oʎs"
"kC","bs"
"kC","ɒBs"
"kC","kLs"
"kC","Ύs"
"kC","kls"
"kC","ΎS@ʒ"
"kC","ΎS@VÑ"
"kC","OS@O"
"kC","OS@"
"kC","S@m"
"kC","S@،Ó"
"kC","TcS@ђ"
"kC","S@"
"kC","S@X"
"kC","CS@_"
"kC","RzS@"
"kC","wRS@]"
"kC","wRS@m"
"kC","wRS@򕔒"
"kC","uS@"
"kC","KS@K"
"kC","IS@"
"kC","vS@Ȓ"
"kC","qS@q"
"kC","sS@s"
"kC","sS@"
"kC","JS@z"
"kC","cS@jZR"
"kC","cS@^둺"
"kC","cS@s"
"kC","cS@Εʒ"
"kC","cS@ɒ"
"kC","cS@m"
"kC","S@a"
"kC","S@"
"kC","ÉFS@"
"kC","ÉFS@_b"
"kC","ϒOS@ϒO"
"kC","ÕS@Õ"
"kC","]sS@mؒ"
"kC","]sS@]s"
"kC","]sS@Ԉ쑺"
"kC","mS@y"
"kC","mS@ވ]"
"kC","mS@㍻쒬"
"kC","[S@Rm"
"kC","[S@"
"kC","[S@IR"
"kC","ˌS@`"
"kC","ˌS@YP"
"kC","ˌS@V\Ð쒬"
"kC","JS@w"
"kC","JS@ʒ"
"kC","JS@J"
"kC","JS@k"
"kC","JS@c"
"kC","S@鐲"
"kC","S@_y"
"kC","S@"
"kC","S@z"
"kC","S@ʒ"
"kC","S@쒬"
"kC","S@쒬"
"kC","S@l"
"kC","mS@xǖ쒬"
"kC","mS@xǖ쒬"
"kC","mS@xǖ쒬"
"kC","ES@芥"
"kC","S@a"
"kC","S@"
"kC","S@쒬"
"kC","S@["
"kC","S@Ўq{"
"kC","S@쒬"
"kC","JS@y"
"kC","ьS@ђ"
"kC","GS@"
"kC","ϑOS@ϑO"
"kC","ϑOS@Hy"
"kC","ϑOS@Rʑ"
"kC","VS@ʒ"
"kC","VS@V"
"kC","@JS@"
"kC","}KS@lڕʒ"
"kC","}KS@ڕʒ"
"kC","}KS@}K"
"kC","VS@Lx"
"kC","當S@當"
"kC","KS@K"
"kC","KS@Kxm"
"kC","VS@y"
"kC","ԑS@y"
"kC","ԑS@Õʒ"
"kC","ΗS@Η"
"kC","ΗS@"
"kC","ΗS@"
"kC","CS@Pq{"
"kC","CS@u˒"
"kC","CS@CԒ"
"kC","ʌS@y"
"kC","ʌS@Nʒ"
"kC","ʌS@㒬"
"kC","ʌS@"
"kC","ʌS@"
"kC","ʌS@Y"
"kC","ԑS@"
"kC","cS@LY"
"kC","LS@s˒"
"kC","VS@V"
"kC","ES@^"
"kC","cS@Β"
"kC","ES@"
"kC","ES@ނ풬"
"kC","S@"
"kC","S@撬"
"kC","VS@V"
"kC","Y͌S@Y͒"
"kC","lS@l"
"kC","yS@"
"kC","S@VЂ"
"kC","͓S@X"
"kC","͓S@my"
"kC","͓S@my"
"kC","͓S@ǒ"
"kC","S@V"
"kC","S@"
"kC","͐S@莺"
"kC","͐S@D"
"kC","͐S@Xʑ"
"kC","LS@"
"kC","LS@L"
"kC","S@ʒ"
"kC","S@rc"
"kC","S@L"
"kC","S@{ʒ"
"kC","S@"
"kC","S@ʒ"
"kC","\S@Yy"
"kC","HS@H"
"kC","݌S@ݒ"
"kC","݌S@l"
"kC","S@W"
"kC","S@q"
"kC","S@ߋ"
"kC","fS@f"
"kC","tS@ʊC"
"kC","WÌS@WÒ"
"kC","WÌS@WÒ"
"kC","ڗS@P"
"X","Xs"
"X","OOs"
"X","ˎs"
"X","Ύs"
"X","܏쌴s"
"X","\acs"
"X","Os"
"X","ނs"
"X","s"
"X","s"
"X","ÌyS@"
"X","ÌyS@ʒ"
"X","ÌyS@Hc"
"X","ÌyS@Ol"
"X","ÌyS@˃"
"X","ÌyS@[Y"
"X","ÌyS@ډ"
"X","ÌyS@蒬"
"X","ÌyS@k"
"X","ÌyS@cɊّ"
"X","kÌyS@"
"X","kÌyS@ߓc"
"X","kÌyS@"
"X","kS@Ӓn"
"X","kS@˒"
"X","kS@Z˒"
"X","kS@l"
"X","kS@k"
"X","kS@Z"
"X","kS@点"
"X","kS@Ԓ"
"X","kS@ʑ"
"X","kS@ԉY"
"X","kS@䑺"
"X","OˌS@O˒"
"X","OˌS@܌˒"
"X","OˌS@cq"
"X","OˌS@암"
"X","OˌS@K㒬"
"X","OˌS@V"
"茧","s"
"茧","{Îs"
"茧","Dns"
"茧","Ԋs"
"茧","ks"
"茧","vs"
"茧","s"
"茧","֎s"
"茧","Ocs"
"茧","Ύs"
"茧","ˎs"
"茧","s"
"茧","Bs"
"茧","s"
"茧","S@Β"
"茧","S@"
"茧","S@蒬"
"茧","gS@g"
"茧","gS@В"
"茧","aS@a꒬"
"茧","_S@P蒬"
"茧","ֈS@"
"茧","CS@Zc"
"茧","ɌS@ƒ"
"茧","ɌS@Rc"
"茧","ɌS@"
"茧","ɌS@c씨"
"茧","ɌS@㑺"
"茧","ˌS@yĒ"
"茧","ˌS@c"
"茧","ˌS@ˑ"
"茧","ˌS@m쒬"
"茧","ˌS@˒"
"{錧","s@t"
"{錧","s@{"
"{錧","s@ы"
"{錧","s@"
"{錧","s@"
"{錧","Ίs"
"{錧","}s"
"{錧","Cs"
"{錧","Ύs"
"{錧","s"
"{錧","pcs"
"{錧","s"
"{錧","s"
"{錧","oĎs"
"{錧","Is"
"{錧","s"
"{錧","s"
"{錧","xJs"
"{錧","cS@"
"{錧","cS@h"
"{錧","ēcS@͌"
"{錧","ēcS@c"
"{錧","ēcS@ēc"
"{錧","ēcS@蒬"
"{錧","ɋS@ېX"
"{錧","jS@j"
"{錧","jS@R"
"{錧","{S@"
"{錧","{S@l"
"{錧","{S@{"
"{錧","S@a"
"{錧","S@勽"
"{錧","S@t"
"{錧","S@F"
"{錧","S@"
"{錧","cS@OJ"
"{錧","cS@"
"{錧","S@쒬"
"{錧","{gS@O"
"Hc","Hcs"
"Hc","\s"
"Hc","s"
"Hc","َs"
"Hc","js"
"Hc","s"
"Hc","ps"
"Hc","R{s"
"Hc","s"
"Hc","s"
"Hc","kHcs"
"Hc","ɂَs"
"Hc","ks"
"Hc","pS@⒬"
"Hc","kHcS@㏬m"
"Hc","R{S@"
"Hc","R{S@O풬"
"Hc","R{S@"
"Hc","HcS@܏ڒ"
"Hc","HcS@Y"
"Hc","HcS@쒬"
"Hc","HcS@劃"
"Hc","kS@"
"Hc","YS@H㒬"
"Hc","YS@"
"R`","R`s"
"R`","đs"
"R`","߉s"
"R`","cs"
"R`","Vs"
"R`","͍]s"
"R`","Rs"
"R`","Rs"
"R`","s"
"R`","Vs"
"R`","s"
"R`","ԑs"
"R`","zs"
"R`","RS@RӒ"
"R`","RS@R"
"R`","RS@͖k"
"R`","RS@쒬"
"R`","RS@"
"R`","RS@]"
"R`","kRS@Γc"
"R`","ŏS@R"
"R`","ŏS@ŏ㒬"
"R`","ŏS@M`"
"R`","ŏS@^쒬"
"R`","ŏS@呠"
"R`","ŏS@쑺"
"R`","ŏS@ˑ"
"R`","uS@"
"R`","uS@쐼"
"R`","uS@"
"R`","uS@钬"
"R`","uS@іL"
"R`","cS@O쒬"
"R`","cS@"
"R`","OCS@V"
"","s"
"","Îᏼs"
"","SRs"
"","킫s"
"","͎s"
"","{s"
"","쑽s"
"","ns"
"","{s"
"","cs"
"","쑊ns"
"","ɒBs"
"","{{s"
"","ɒBS@Kܒ"
"","ɒBS@"
"","ɒBS@얓"
"","BS@ʑ"
"","␣S@Β"
"","␣S@Vh"
"","ÌS@"
"","ÌS@w}"
"","ÌS@"
"","ÌS@Ò"
"","떃S@k"
"","떃S@Ò"
"","떃S@֒"
"","떃S@c㒬"
"","͏S@Í≺"
"","͏S@쑺"
"","͏S@Ò"
"","S@O"
"","S@R"
"","S@a"
"","S@Ô"
"","͌S@"
"","͌S@葺"
"","͌S@"
"","͌S@"
"","S@Iq"
"","S@Ւ"
"","S@"
"","S@L쑺"
"","ΐS@ΐ쒬"
"","ΐS@ʐ쑺"
"","ΐS@c"
"","ΐS@쒬"
"","ΐS@Óa"
"","cS@Ot"
"","cS@쒬"
"","otS@L쒬"
"","otS@t"
"","otS@x"
"","otS@"
"","otS@F"
"","otS@ot"
"","otS@Q]"
"","otS@"
"","nS@Vn"
"","nS@ъڑ"
"錧","ˎs"
"錧","s"
"錧","yYs"
"錧","É͎s"
"錧","Ήs"
"錧","s"
"錧","Ps"
"錧","Ȏs"
"錧","푍s"
"錧","헤cs"
"錧","s"
"錧","ks"
"錧","}Ԏs"
"錧","s"
"錧","vs"
"錧","Ύs"
"錧","ЂȂs"
"錧","s"
"錧","s"
"錧","Js"
"錧","헤{s"
"錧","߉ώs"
"錧","}s"
"錧","Ⓦs"
"錧","~s"
"錧","݂s"
"錧","s"
"錧","_s"
"錧","ss"
"錧","gcs"
"錧","΂݂炢s"
"錧","ʎs"
"錧","S@钬"
"錧","S@"
"錧","S@闢"
"錧","߉όS@C"
"錧","vS@q"
"錧","~S@Y"
"錧","~S@"
"錧","~S@͓"
"錧","S@㒬"
"錧","S@܉"
"錧","S@"
"錧","knS@"
"Ȗ،","Fs{s"
"Ȗ،","s"
"Ȗ،","Ȗ؎s"
"Ȗ،","s"
"Ȗ،","s"
"Ȗ،","s"
"Ȗ،","Rs"
"Ȗ،","^s"
"Ȗ،","cs"
"Ȗ،","s"
"Ȗ،","ߐ{s"
"Ȗ،","s"
"Ȗ،","ߐ{GRs"
"Ȗ،","s"
"Ȗ،","͓S@O쒬"
"Ȗ،","FS@vq"
"Ȗ،","FS@Ζؒ"
"Ȗ،","FS@sL"
"Ȗ،","FS@F꒬"
"Ȗ،","sS@p"
"Ȗ،","sS@ؒ"
"Ȗ،","JS@J"
"Ȗ،","JS@"
"Ȗ،","ߐ{S@ߐ{"
"Ȗ،","ߐ{S@߉ϐ쒬"
"Qn","Os"
"Qn","s"
"Qn","ːs"
"Qn","ɐs"
"Qn","cs"
"Qn","cs"
"Qn","ٗюs"
"Qn","as"
"Qn","s"
"Qn","xs"
"Qn","s"
"Qn","݂ǂs"
"Qn","kQnS@Y"
"Qn","kQnS@g"
"Qn","S@쑺"
"Qn","S@_"
"Qn","ÊyS@mc"
"Qn","ÊyS@q"
"Qn","ÊyS@Êy"
"Qn","ȌS@V"
"Qn","ȌS@쌴"
"Qn","ȌS@ڗ"
"Qn","ȌS@Ò"
"Qn","ȌS@R"
"Qn","ȌS@Ȓ"
"Qn","S@Еi"
"Qn","S@ꑺ"
"Qn","S@a"
"Qn","S@݂Ȃݒ"
"Qn","gS@ʑ"
"Qn","WyS@q"
"Qn","WyS@a"
"Qn","WyS@c"
"Qn","WyS@"
"Qn","WyS@Wy"
"ʌ","܎s@"
"ʌ","܎s@k"
"ʌ","܎s@{"
"ʌ","܎s@"
"ʌ","܎s@"
"ʌ","܎s@"
"ʌ","܎s@Ya"
"ʌ","܎s@"
"ʌ","܎s@΋"
"ʌ","܎s@΋"
"ʌ","zs"
"ʌ","FJs"
"ʌ","s"
"ʌ","scs"
"ʌ","s"
"ʌ","s"
"ʌ","є\s"
"ʌ","{s"
"ʌ","{s"
"ʌ","Rs"
"ʌ","ts"
"ʌ","Rs"
"ʌ","Hs"
"ʌ","s"
"ʌ","[Js"
"ʌ","s"
"ʌ","s"
"ʌ","zJs"
"ʌ","ns"
"ʌ","˓cs"
"ʌ","Ԏs"
"ʌ","s"
"ʌ","u؎s"
"ʌ","as"
"ʌ","Vs"
"ʌ","s"
"ʌ","vs"
"ʌ","k{s"
"ʌ","s"
"ʌ","xms"
"ʌ","Os"
"ʌ","@cs"
"ʌ","ˎs"
"ʌ","Ks"
"ʌ","߃s"
"ʌ","s"
"ʌ","gs"
"ʌ","ӂݖs"
"ʌ","s"
"ʌ","kS@ɓޒ"
"ʌ","ԌS@OF"
"ʌ","ԌS@јCR"
"ʌ","ԌS@z"
"ʌ","S@쒬"
"ʌ","S@R"
"ʌ","S@쒬"
"ʌ","S@쓇"
"ʌ","S@g"
"ʌ","S@R"
"ʌ","S@Ƃ풬"
"ʌ","S@"
"ʌ","S@F쒬"
"ʌ","S@Ғ"
"ʌ","S@쒬"
"ʌ","S@"
"ʌ","ʌS@"
"ʌ","ʌS@_쒬"
"ʌ","ʌS@㗢"
"ʌ","嗢S@񋏒"
"ʌ","ʌS@{㒬"
"ʌ","kS@˒"
"ʌ","kS@"
"t","ts@"
"t","ts@Ԍ"
"t","ts@ы"
"t","ts@t"
"t","ts@΋"
"t","ts@l"
"t","qs"
"t","ss"
"t","Ds"
"t","َRs"
"t","؍XÎs"
"t","ˎs"
"t","cs"
"t","Όs"
"t","cs"
"t","qs"
"t","s"
"t","s"
"t","Kus"
"t","s"
"t","Ys"
"t","ss"
"t","Rs"
"t","s"
"t","䑷qs"
"t","s"
"t","PJs"
"t","NÎs"
"t","xÎs"
"t","Ys"
"t","lXs"
"t","PYs"
"t","Xs"
"t","󐼎s"
"t","s"
"t","xs"
"t","[s"
"t","xs"
"t","s"
"t","Rs"
"t","ݎs"
"t","Ԕs"
"t","׌S@X䒬"
"t","׌S@h"
"t","S@_蒬"
"t","S@Ò"
"t","S@"
"t","RS@\㗢"
"t","RS@ŎR"
"t","RS@Ō"
"t","S@{"
"t","S@r"
"t","S@"
"t","S@q"
"t","S@"
"t","S@쒬"
"t","΋S@命쒬"
"t","΋S@h"
"t","[S@쒬"
"s","c"
"s",""
"s","`"
"s","Vh"
"s",""
"s","䓌"
"s","nc"
"s","]"
"s","i"
"s","ڍ"
"s","c"
"s","cJ"
"s","aJ"
"s",""
"s",""
"s","L"
"s","k"
"s","r"
"s",""
"s","n"
"s",""
"s",""
"s","]ː"
"s","qs"
"s","s"
"s","s"
"s","Os"
"s","~s"
"s","{s"
"s","s"
"s","zs"
"s","cs"
"s","s"
"s","s"
"s","s"
"s","Rs"
"s","s"
"s","s"
"s","s"
"s","]s"
"s","as"
"s","s"
"s","vĎs"
"s","Rs"
"s","s"
"s","s"
"s","Hs"
"s","s"
"s","s"
"s","S@䒬"
"s","S@̏o"
"s","S@w"
"s","S@"
"s","哇"
"s",""
"s","V"
"s","_Ó"
"s","O@O"
"s","䑠"
"s","䓇@䒬"
"s",""
"s","}"
"_ސ쌧","ls@ߌ"
"_ސ쌧","ls@_ސ"
"_ސ쌧","ls@"
"_ސ쌧","ls@"
"_ސ쌧","ls@"
"_ސ쌧","ls@ۓyPJ"
"_ސ쌧","ls@q"
"_ސ쌧","ls@"
"_ސ쌧","ls@`k"
"_ސ쌧","ls@˒ˋ"
"_ސ쌧","ls@`"
"_ސ쌧","ls@"
"_ސ쌧","ls@΋"
"_ސ쌧","ls@J"
"_ސ쌧","ls@h"
"_ސ쌧","ls@"
"_ސ쌧","ls@t"
"_ސ쌧","ls@s}"
"_ސ쌧","s@"
"_ސ쌧","s@K"
"_ސ쌧","s@"
"_ސ쌧","s@Ë"
"_ސ쌧","s@"
"_ސ쌧","s@{O"
"_ސ쌧","s@"
"_ސ쌧","͌s@΋"
"_ސ쌧","͌s@"
"_ސ쌧","͌s@"
"_ސ쌧","{s"
"_ސ쌧","ˎs"
"_ސ쌧","qs"
"_ސ쌧","s"
"_ސ쌧","cs"
"_ސ쌧","s"
"_ސ쌧","qs"
"_ސ쌧","OYs"
"_ސ쌧","`s"
"_ސ쌧","؎s"
"_ސ쌧","as"
"_ސ쌧","ɐs"
"_ސ쌧","CVs"
"_ސ쌧","Ԏs"
"_ސ쌧","쑫s"
"_ސ쌧","s"
"_ސ쌧","OYS@tR"
"_ސ쌧","S@쒬"
"_ސ쌧","S@钬"
"_ސ쌧","S@{"
"_ސ쌧","S@䒬"
"_ސ쌧","S@䒬"
"_ސ쌧","S@c"
"_ސ쌧","S@Rk"
"_ސ쌧","S@J"
"_ސ쌧","S@"
"_ސ쌧","S@^ߒ"
"_ސ쌧","S@͌"
"_ސ쌧","bS@쒬"
"_ސ쌧","bS@쑺"
"V","Vs@k"
"V","Vs@"
"V","Vs@"
"V","Vs@]"
"V","Vs@Ht"
"V","Vs@"
"V","Vs@"
"V","Vs@"
"V","s"
"V","Os"
"V","s"
"V","Vcs"
"V","Js"
"V","Ύs"
"V","\s"
"V","s"
"V","s"
"V","s"
"V","s"
"V","s"
"V","ܐs"
"V","zs"
"V","s"
"V","ns"
"V","s"
"V","싛s"
"V","ٓs"
"V","kS@Ē"
"V","S@F"
"V","슗S@c㒬"
"V","S@꒬"
"V","OS@o_蒬"
"V","싛S@"
"V","S@Ó쒬"
"V","HS@H"
"V","DS@֐쑺"
"V","DS@Y"
"xR","xRs"
"xR","s"
"xR","Îs"
"xR","Xs"
"xR","s"
"xR","s"
"xR","vgs"
"xR","s"
"xR","vs"
"xR","ːs"
"xR","VS@M"
"xR","VS@s"
"xR","VS@R"
"xR","VS@P"
"xR","VS@"
"ΐ쌧","s"
"ΐ쌧","s"
"ΐ쌧","s"
"ΐ쌧","֓s"
"ΐ쌧","Fs"
"ΐ쌧","s"
"ΐ쌧","Hs"
"ΐ쌧","قs"
"ΐ쌧","Rs"
"ΐ쌧","\s"
"ΐ쌧","Xss"
"ΐ쌧","\S@k"
"ΐ쌧","͖kS@Ô"
"ΐ쌧","͖kS@咬"
"ΐ쌧","HS@u꒬"
"ΐ쌧","HS@Bu"
"ΐ쌧","S@\o"
"ΐ쌧","PS@"
"ΐ쌧","PS@\o"
"䌧","s"
"䌧","։s"
"䌧","ls"
"䌧","s"
"䌧","Rs"
"䌧","I]s"
"䌧","s"
"䌧","zOs"
"䌧","s"
"䌧","gcS@i"
"䌧","S@rc"
"䌧","S@zO"
"䌧","OS@zO"
"䌧","OS@l"
"䌧","ьS@l"
"䌧","ьS@"
"䌧","O㒆S@ዷ"
"R","b{s"
"R","xmgcs"
"R","ss"
"R","Rs"
"R","匎s"
"R","Bs"
"R","AvXs"
"R","kms"
"R","bs"
"R","Js"
"R","쌴s"
"R","bBs"
"R","s"
"R","S@sO"
"R","싐S@쒬"
"R","싐S@g"
"R","싐S@암"
"R","싐S@xm쒬"
"R","S@a"
"R","sS@u"
"R","sS@j"
"R","sS@E쑺"
"R","sS@RΑ"
"R","sS@"
"R","sS@xm͌Β"
"R","ksS@"
"R","ksS@OgR"
"쌧","s"
"쌧","{s"
"쌧","cs"
"쌧","Js"
"쌧","ѓcs"
"쌧","zKs"
"쌧","{s"
"쌧","s"
"쌧","ɓߎs"
"쌧","s"
"쌧","s"
"쌧","咬s"
"쌧","юRs"
"쌧","s"
"쌧","Ks"
"쌧","vs"
"쌧","Ȏs"
"쌧","s"
"쌧","ܖs"
"쌧","썲vS@C"
"쌧","썲vS@㑺"
"쌧","썲vS@q"
"쌧","썲vS@쑊ؑ"
"쌧","썲vS@kؑ"
"쌧","썲vS@v䒬"
"쌧","kvS@y"
"쌧","kvS@c"
"쌧","kvS@Ȓ"
"쌧","S@ؑ"
"쌧","S@a"
"쌧","zKS@zK"
"쌧","zKS@xm"
"쌧","zKS@"
"쌧","ɓߌS@C쒬"
"쌧","ɓߌS@֒"
"쌧","ɓߌS@ѓ"
"쌧","ɓߌS@얥֑"
"쌧","ɓߌS@쑺"
"쌧","ɓߌS@{c"
"쌧","ɓߌS@쒬"
"쌧","ɓߌS@X"
"쌧","ɓߌS@쒬"
"쌧","ɓߌS@q"
"쌧","ɓߌS@J"
"쌧","ɓߌS@H"
"쌧","ɓߌS@"
"쌧","ɓߌS@ؑ"
"쌧","ɓߌS@V"
"쌧","ɓߌS@ו"
"쌧","ɓߌS@ؑ"
"쌧","ɓߌS@Lu"
"쌧","ɓߌS@厭"
"쌧","ؑ]S@㏼"
"쌧","ؑ]S@ؑ]"
"쌧","ؑ]S@ؑc"
"쌧","ؑ]S@ꑺ"
"쌧","ؑ]S@K"
"쌧","ؑ]S@ؑ]"
"쌧","}S@ё"
"쌧","}S@⑺"
"쌧","}S@R`"
"쌧","}S@"
"쌧","}S@}k"
"쌧","k܌S@rc"
"쌧","k܌S@쑺"
"쌧","k܌S@n"
"쌧","k܌S@J"
"쌧","ȌS@钬"
"쌧","㍂S@z{"
"쌧","㍂S@R"
"쌧","S@Rm"
"쌧","S@ؓ"
"쌧","S@򉷐"
"쌧","㐅S@MZ"
"쌧","㐅S@쑺"
"쌧","㐅S@эj"
"쌧","S@h"
"򕌌","򕌎s"
"򕌌","_s"
"򕌌","Rs"
"򕌌","s"
"򕌌","֎s"
"򕌌","Ðs"
"򕌌","Zs"
"򕌌","Qs"
"򕌌","Hs"
"򕌌","bߎs"
"򕌌","ZΎs"
"򕌌","ys"
"򕌌","es"
"򕌌","s"
"򕌌","Rs"
"򕌌","s"
"򕌌","ˎs"
"򕌌","{s"
"򕌌","Ss"
"򕌌","Cs"
"򕌌","CÎs"
"򕌌","HS@쒬"
"򕌌","HS@}"
"򕌌","{VS@{V"
"򕌌","sjS@䒬"
"򕌌","sjS@փP"
"򕌌","S@_˒"
"򕌌","S@֔V"
"򕌌","S@"
"򕌌","KS@K쒬"
"򕌌","KS@쒬"
"򕌌","KS@rc"
"򕌌","{S@k"
"򕌌","ΌS@j"
"򕌌","ΌS@x"
"򕌌","ΌS@Ӓ"
"򕌌","ΌS@@"
"򕌌","ΌS@SÒ"
"򕌌","ΌS@쒬"
"򕌌","ΌS@쑺"
"򕌌","S@䐓"
"򕌌","S@쑺"
"É","És@"
"É","És@x͋"
"É","És@"
"É","ls@"
"É","ls@"
"É","ls@"
"É","ls@"
"É","ls@k"
"É","ls@lk"
"É","ls@V"
"É","Îs"
"É","MCs"
"É","Os"
"É","xm{s"
"É","ɓs"
"É","cs"
"É","xms"
"É","֓cs"
"É","ĒÎs"
"É","|s"
"É","}s"
"É","as"
"É","܈s"
"É","cs"
"É","s"
"É","ΐs"
"É","ɓs"
"É","Os"
"É","es"
"É","ɓ̍s"
"É","qVs"
"É","ΌS@ɓ"
"É","ΌS@͒Ò"
"É","ΌS@ɓ"
"É","ΌS@蒬"
"É","ΌS@ɓ"
"É","cS@쒬"
"É","xS@"
"É","xS@"
"É","xS@R"
"É","YS@gc"
"É","YS@썪{"
"É","qS@X"
"m","És@"
"m","És@"
"m","És@k"
"m","És@"
"m","És@"
"m","És@"
"m","És@a"
"m","És@"
"m","És@Mc"
"m","És@"
"m","És@`"
"m","És@"
"m","És@R"
"m","És@΋"
"m","És@"
"m","És@V"
"m","Ls"
"m","s"
"m","{s"
"m","ˎs"
"m","cs"
"m","ts"
"m","Ls"
"m","Ós"
"m","ɓs"
"m","Js"
"m","Lcs"
"m","s"
"m","s"
"m","Ss"
"m","Rs"
"m","튊s"
"m","]s"
"m","qs"
"m","s"
"m","Vs"
"m","Cs"
"m","{s"
"m","ms"
"m","ms"
"m","s"
"m","ls"
"m","qs"
"m","Ls"
"m","is"
"m","cs"
"m","s"
"m","{s"
"m","kÉs"
"m","xs"
"m","݂悵s"
"m","܎s"
"m","vs"
"m","mS@"
"m","tS@LR"
"m","OHS@"
"m","OHS@}K"
"m","CS@厡"
"m","CS@I]"
"m","CS@򓇑"
"m","mS@v䒬"
"m","mS@Y"
"m","mS@m"
"m","mS@l"
"m","mS@L"
"m","zcS@Kc"
"m","k݊yS@݊y"
"m","k݊yS@h"
"m","k݊yS@L"
"Od","Îs"
"Od","lss"
"Od","ɐs"
"Od","s"
"Od","Ks"
"Od","鎭s"
"Od","s"
"Od","hs"
"Od","TRs"
"Od","Hs"
"Od","Fs"
"Od","Ȃ׎s"
"Od","us"
"Od","ɉs"
"Od","KS@ؑ]"
"Od","ٌS@"
"Od","OdS@Ԗ쒬"
"Od","OdS@"
"Od","OdS@z"
"Od","CS@C"
"Od","CS@a"
"Od","CS@䒬"
"Od","xS@ʏ钬"
"Od","xS@x"
"Od","xS@I"
"Od","xS@ɐ"
"Od","kKS@Ik"
"Od","어KS@l"
"Od","어KS@I"
"ꌧ","Îs"
"ꌧ","Fs"
"ꌧ","ls"
"ꌧ","ߍ]s"
"ꌧ","Îs"
"ꌧ","Rs"
"ꌧ","Is"
"ꌧ","bs"
"ꌧ","Fs"
"ꌧ","Γs"
"ꌧ","s"
"ꌧ","ߍ]s"
"ꌧ","Čs"
"ꌧ","S@쒬"
"ꌧ","S@"
"ꌧ","mS@"
"ꌧ","S@L"
"ꌧ","S@bǒ"
"ꌧ","S@꒬"
"s{","ss@k"
"s{","ss@㋞"
"s{","ss@"
"s{","ss@"
"s{","ss@R"
"s{","ss@"
"s{","ss@"
"s{","ss@E"
"s{","ss@"
"s{","ss@Rȋ"
"s{","ss@"
"s{","mRs"
"s{","ߎs"
"s{","s"
"s{","Fs"
"s{","{Îs"
"s{","Ts"
"s{","zs"
"s{","s"
"s{","s"
"s{","s"
"s{","cӎs"
"s{","Os"
"s{","Os"
"s{","ؒÐs"
"s{","PS@R蒬"
"s{","vS@vR"
"s{","ԊS@蒬"
"s{","ԊS@Fc"
"s{","yS@}u"
"s{","yS@a"
"s{","yS@ؒ"
"s{","yS@R鑺"
"s{","DS@Og"
"s{","^ӌS@ɍ"
"s{","^ӌS@^Ӗ쒬"
"{","s@s"
"{","s@"
"{","s@ԋ"
"{","s@"
"{","s@`"
"{","s@吳"
"{","s@V"
"{","s@Q"
"{","s@"
"{","s@"
"{","s@"
"{","s@"
"{","s@"
"{","s@铌"
"{","s@{"
"{","s@Zg"
"{","s@Zg"
"{","s@"
"{","s@"
"{","s@ߌ"
"{","s@ZV]"
"{","s@"
"{","s@k"
"{","s@"
"{","s@"
"{","s@"
"{","s@"
"{","s@"
"{","s@"
"{","s@k"
"{","s@"
"{","ݘacs"
"{","Ls"
"{","rcs"
"{","cs"
"{","Îs"
"{","Ύs"
"{","Lˎs"
"{","s"
"{","s"
"{","؎s"
"{","s"
"{","򍲖s"
"{","xcюs"
"{","Qs"
"{","͓s"
"{","s"
"{","哌s"
"{","as"
"{","ʎs"
"{","s"
"{","Hgs"
"{","^s"
"{","ےÎs"
"{","Ύs"
"{","䎛s"
"{","s"
"{","s"
"{","ls"
"{","s"
"{","㋷Rs"
"{","s"
"{","OS@{"
"{","L\S@L\"
"{","L\S@\"
"{","kS@"
"{","S@F撬"
"{","S@cK"
"{","S@"
"{","͓S@q"
"{","͓S@͓쒬"
"{","͓S@瑁ԍ㑺"
"Ɍ","_ˎs@"
"Ɍ","_ˎs@"
"Ɍ","_ˎs@ɋ"
"Ɍ","_ˎs@c"
"Ɍ","_ˎs@{"
"Ɍ","_ˎs@"
"Ɍ","_ˎs@k"
"Ɍ","_ˎs@"
"Ɍ","_ˎs@"
"Ɍ","PHs"
"Ɍ","s"
"Ɍ","Ύs"
"Ɍ","{s"
"Ɍ","F{s"
"Ɍ","s"
"Ɍ","ɒOs"
"Ɍ","s"
"Ɍ","Ls"
"Ɍ","Ðs"
"Ɍ","ԕs"
"Ɍ","es"
"Ɍ","ˎs"
"Ɍ","O؎s"
"Ɍ","s"
"Ɍ","쐼s"
"Ɍ","s"
"Ɍ","Ocs"
"Ɍ","s"
"Ɍ","Rs"
"Ɍ","{s"
"Ɍ","Ogs"
"Ɍ","삠킶s"
"Ɍ","s"
"Ɍ","WHs"
"Ɍ","s"
"Ɍ","s"
"Ɍ","̎s"
"Ɍ","ӌS@쒬"
"Ɍ","S@"
"Ɍ","ÌS@"
"Ɍ","ÌS@d"
"Ɍ","_S@s쒬"
"Ɍ","_S@蒬"
"Ɍ","_S@_͒"
"Ɍ","KیS@q"
"Ɍ","ԕS@S"
"Ɍ","pS@p"
"Ɍ","S@"
"Ɍ","S@V"
"ޗǌ","ޗǎs"
"ޗǌ","acs"
"ޗǌ","aSRs"
"ޗǌ","Vs"
"ޗǌ","s"
"ޗǌ","s"
"ޗǌ","ܞs"
"ޗǌ","䏊s"
"ޗǌ","s"
"ޗǌ","Ŏs"
"ޗǌ","s"
"ޗǌ","FɎs"
"ޗǌ","RӌS@RY"
"ޗǌ","S@Q"
"ޗǌ","S@O"
"ޗǌ","S@"
"ޗǌ","S@g"
"ޗǌ","S@쐼"
"ޗǌ","S@O"
"ޗǌ","S@c{"
"ޗǌ","FɌS@]"
"ޗǌ","FɌS@"
"ޗǌ","sS@撬"
"ޗǌ","sS@"
"ޗǌ","kS@q"
"ޗǌ","kS@"
"ޗǌ","kS@L˒"
"ޗǌ","kS@͍"
"ޗǌ","gS@g쒬"
"ޗǌ","gS@嗄"
"ޗǌ","gS@s"
"ޗǌ","gS@ꑺ"
"ޗǌ","gS@V쑺"
"ޗǌ","gS@씗쑺"
"ޗǌ","gS@\Ð쑺"
"ޗǌ","gS@kR"
"ޗǌ","gS@kR"
"ޗǌ","gS@㑺"
"ޗǌ","gS@g쑺"
"a̎R","a̎Rs"
"a̎R","Cs"
"a̎R","{s"
"a̎R","Lcs"
"a̎R","Vs"
"a̎R","cӎs"
"a̎R","V{s"
"a̎R","I̐s"
"a̎R","os"
"a̎R","CS@I쒬"
"a̎R","ɓsS@炬"
"a̎R","ɓsS@xR"
"a̎R","ɓsS@쒬"
"a̎R","LcS@"
"a̎R","LcS@L쒬"
"a̎R","LcS@Lc쒬"
"a̎R","S@l"
"a̎R","S@"
"a̎R","S@Rǒ"
"a̎R","S@쒬"
"a̎R","S@݂Ȃג"
"a̎R","S@쒬"
"a̎R","KS@l"
"a̎R","KS@xc"
"a̎R","KS@ݒ"
"a̎R","KS@ߒqY"
"a̎R","KS@n"
"a̎R","KS@Í쒬"
"a̎R","KS@kR"
"a̎R","KS@{"
"挧","s"
"挧","Ďqs"
"挧","qgs"
"挧","`s"
"挧","S@"
"挧","S@"
"挧","S@q"
"挧","S@"
"挧","S@O"
"挧","S@l"
"挧","S@ՉY"
"挧","S@kh"
"挧","S@gÑ"
"挧","S@R"
"挧","S@암"
"挧","S@˒"
"挧","S@쒬"
"挧","S@쒬"
"挧","S@]{"
"","]s"
"","lcs"
"","o_s"
"","vcs"
"","cs"
"","s"
"","]Îs"
"","_s"
"","mS@o_"
"","ѐΌS@ѓ쒬"
"","WqS@{"
"","WqS@"
"","WqS@W쒬"
"","S@Øa쒬"
"","S@g꒬"
"","BS@Cm"
"","BS@m"
"","BS@mv"
"","BS@B̓"
"R","Rs@k"
"R","Rs@"
"R","Rs@"
"R","Rs@"
"R","q~s"
"R","ÎRs"
"R","ʖs"
"R","}s"
"R","䌴s"
"R","Ўs"
"R","s"
"R","Vs"
"R","Os"
"R","˓s"
"R","Ԕ֎s"
"R","^s"
"R","s"
"R","s"
"R","aCS@aC"
"R","sES@"
"R","S@"
"R","cS@|"
"R","^S@V"
"R","ϓcS@쒬"
"R","cS@"
"R","cS@ދ`"
"R","pcS@q"
"R","vČS@vē쒬"
"R","vČS@璬"
"R","S@g"
"L","Ls@"
"L","Ls@"
"L","Ls@"
"L","Ls@"
"L","Ls@"
"L","Ls@k"
"L","Ls@|"
"L","Ls@"
"L","s"
"L","|s"
"L","Os"
"L","s"
"L","Rs"
"L","{s"
"L","Os"
"L","s"
"L","|s"
"L","Ls"
"L","ss"
"L","|cs"
"L","]cs"
"L","|S@{"
"L","|S@Cc"
"L","|S@F쒬"
"L","|S@⒬"
"L","RS@|c"
"L","RS@kL"
"L","LcS@㓇"
"L","S@"
"L","_ΌS@_΍"
"R","֎s"
"R","Fs"
"R","Rs"
"R","s"
"R","h{s"
"R","s"
"R","⍑s"
"R","s"
"R","s"
"R","s"
"R","Is"
"R","s"
"R","Rzcs"
"R","哇S@h哇"
"R","όS@aؒ"
"R","FьS@֒"
"R","FьS@cz{"
"R","FьS@"
"R","S@"
"","s"
"","s"
"","s"
"","s"
"","gs"
"","gs"
"","ns"
"","ODs"
"","YS@Y"
"","YS@㏟"
"","S@߉͓"
"","S@Έ䒬"
"","S@_R"
"","߉S@߉꒬"
"","CS@"
"","CS@g"
"","CS@Cz"
"","S@Β"
"","S@k"
"","S@Z"
"","S@쒬"
"","S@"
"","nS@邬"
"","ODS@݂悵"
"쌧","s"
"쌧","ۋTs"
"쌧","os"
"쌧","Pʎs"
"쌧","ωs"
"쌧","ʂs"
"쌧","s"
"쌧","OLs"
"쌧","S@y"
"쌧","S@"
"쌧","ؓcS@Oؒ"
"쌧","S@"
"쌧","̌S@FÒ"
"쌧","̌S@쒬"
"쌧","xS@Օ"
"쌧","xS@xÒ"
"쌧","xS@܂̂"
"Q","Rs"
"Q","s"
"Q","Fas"
"Q","ls"
"Q","Vls"
"Q","s"
"Q","Fs"
"Q","ɗ\s"
"Q","ls"
"Q","\s"
"Q","s"
"Q","zqS@㓇"
"Q","㕂S@v"
"Q","ɗ\S@O"
"Q","ɗ\S@u"
"Q","쑽S@q"
"Q","FaS@ɕ"
"Q","kFaS@쒬"
"Q","kFaS@Sk"
"Q","FaS@쒬"
"m","ms"
"m","ˎs"
"m","|s"
"m","썑s"
"m","ys"
"m","{s"
"m","hюs"
"m","ys"
"m","l\s"
"m","s"
"m","s"
"m","|S@m"
"m","|S@ޔ"
"m","|S@c쒬"
"m","|S@c"
"m","|S@k쑺"
"m","|S@nH"
"m","|S@|"
"m","S@{R"
"m","S@L"
"m","yS@y"
"m","yS@쑺"
"m","S@̒"
"m","S@m쒬"
"m","S@y"
"m","S@쒬"
"m","S@zm"
"m","S@"
"m","S@"
"m","S@Ö쒬"
"m","S@l\"
"m","S@匎"
"m","S@O"
"m","S@"
"","kBs@i"
"","kBs@ᏼ"
"","kBs@˔"
"","kBs@qk"
"","kBs@q"
"","kBs@"
"","kBs@"
"","s@"
"","s@"
"","s@"
"","s@"
"","s@"
"","s@"
"","s@ǋ"
"","喴cs"
"","vĎs"
"","s"
"","ђˎs"
"","cs"
"","s"
"","s"
"","}s"
"","s"
"","ss"
"","LOs"
"","Ԏs"
"","Ss"
"","}s"
"","ts"
"","s"
"","@s"
"","ɕ{s"
"","És"
"","Îs"
"","͎s"
"","{s"
"","Ös"
"","qs"
"","݂܎s"
"","s"
"","}S@߉ϐ쒬"
"","S@F"
"","S@I"
"","S@uƒ"
"","S@{"
"","S@V{"
"","S@vR"
"","S@"
"","S@"
"","S@"
"","S@_"
"","S@꒬"
"","ƎS@|"
"","ƎS@Ǝ蒬"
"","ÕS@j쒬"
"","qS@}O"
"","qS@"
"","OS@品"
"","OkS@ؒ"
"","S@L쒬"
"","cS@t"
"","cS@Yc"
"","cS@c"
"","cS@蒬"
"","cS@C"
"","cS@ԑ"
"","cS@q"
"","sS@c"
"","sS@݂₱"
"","zS@gx"
"","zS@ђ"
"","zS@z㒬"
"ꌧ","s"
"ꌧ","Îs"
"ꌧ","s"
"ꌧ","vs"
"ꌧ","ɖs"
"ꌧ","Ys"
"ꌧ","s"
"ꌧ","s"
"ꌧ","s"
"ꌧ","_s"
"ꌧ","_S@g샖"
"ꌧ","O{S@R"
"ꌧ","O{S@"
"ꌧ","O{S@݂₫"
"ꌧ","YS@C"
"ꌧ","YS@Lc"
"ꌧ","nS@咬"
"ꌧ","nS@]k"
"ꌧ","nS@Β"
"ꌧ","ÌS@ǒ"
"茧","s"
"茧","ێs"
"茧","s"
"茧","|s"
"茧","呺s"
"茧","ˎs"
"茧","Ys"
"茧","Δns"
"茧","s"
"茧","ܓs"
"茧","Cs"
"茧","_s"
"茧","쓇s"
"茧","ދnS@^"
"茧","ދnS@Ò"
"茧","ދnS@ދn"
"茧","ދnS@I"
"茧","ދnS@g"
"茧","kYS@l꒬"
"茧","kYS@X"
"茧","쏼YS@Vܓ"
"F{","F{s@"
"F{","F{s@"
"F{","F{s@"
"F{","F{s@"
"F{","F{s@k"
"F{","s"
"F{","lgs"
"F{","rs"
"F{","s"
"F{","ʖs"
"F{","Rs"
"F{","ers"
"F{","Fys"
"F{","Vs"
"F{","Fs"
"F{","hs"
"F{","Vs"
"F{","us"
"F{","vS@"
"F{","ʖS@ʓ"
"F{","ʖS@֒"
"F{","ʖS@F"
"F{","ʖS@a"
"F{","erS@Ò"
"F{","erS@ez"
"F{","hS@쏬"
"F{","hS@"
"F{","hS@YR"
"F{","hS@X"
"F{","hS@"
"F{","hS@숢h"
"F{","vS@D"
"F{","vS@Ó"
"F{","vS@v钬"
"F{","vS@b"
"F{","vS@Rs"
"F{","S@X쒬"
"F{","kS@k"
"F{","kS@Óޖؒ"
"F{","S@ђ"
"F{","S@ǖؒ"
"F{","S@O"
"F{","S@㑺"
"F{","S@Ǒ"
"F{","S@ܖؑ"
"F{","S@R]"
"F{","S@"
"F{","S@蒬"
"F{","VS@k"
"啪","啪s"
"啪","ʕ{s"
"啪","Îs"
"啪","cs"
"啪","s"
"啪","Pns"
"啪","Ëvs"
"啪","|cs"
"啪","L㍂cs"
"啪","nzs"
"啪","Fs"
"啪","Ls"
"啪","Rzs"
"啪","s"
"啪","S@P"
"啪","S@o"
"啪","S@d"
"啪","S@쒬"
"{茧","{s"
"{茧","ss"
"{茧","s"
"{茧","s"
"{茧","юs"
"{茧","s"
"{茧","Ԏs"
"{茧","ss"
"{茧","т̎s"
"{茧","kS@OҒ"
"{茧","S@"
"{茧","S@x"
"{茧","S@"
"{茧","S@璬"
"{茧","S@Vx"
"{茧","S@ėǑ"
"{茧","S@؏钬"
"{茧","S@쒬"
"{茧","S@s_"
"{茧","PnS@쒬"
"{茧","PnS@ˑ"
"{茧","PnS@ŗt"
"{茧","PnS@"
"{茧","PnS@䒬"
"{茧","PnS@Ve"
"{茧","PnS@܃"
"","s"
"","s"
"","s"
"","vs"
"","os"
"","whs"
"","V\s"
"","s"
"","Fs"
"","us"
"","]s"
"","s"
"","ؖs"
"","삳܎s"
"","uzus"
"","s"
"","Bs"
"","ɍs"
"","ǎs"
"","S@O"
"","S@\"
"","FS@ܒ"
"","oS@"
"","ǌS@N"
"","]S@蒬"
"","̑S@ǒ"
"","̑S@э]"
"","̑S@"
"","̑S@̕t"
"","FьS@q"
"","FьS@q"
"","FьS@v"
"","哇S@a"
"","哇S@F"
"","哇S@˓"
"","哇S@"
"","哇S@E"
"","哇S@V"
"","哇S@V钬"
"","哇S@ɐ咬"
"","哇S@a"
"","哇S@m"
"","哇S@^_"
"ꌧ","ߔes"
"ꌧ","Xps"
"ꌧ","Ί_s"
"ꌧ","YYs"
"ꌧ","s"
"ꌧ","s"
"ꌧ","s"
"ꌧ","Ls"
"ꌧ","܎s"
"ꌧ","{Ós"
"ꌧ","s"
"ꌧ","S@"
"ꌧ","S@X"
"ꌧ","S@"
"ꌧ","S@Am"
"ꌧ","S@{"
"ꌧ","S@["
"ꌧ","S@X"
"ꌧ","S@"
"ꌧ","S@ɍ]"
"ꌧ","S@ǒJ"
"ꌧ","S@Î["
"ꌧ","S@kJ"
"ꌧ","S@k鑺"
"ꌧ","S@鑺"
"ꌧ","S@"
"ꌧ","KS@^ߌ"
"ꌧ","KS@앗"
"ꌧ","KS@nÕ~"
"ꌧ","KS@Ԗ"
"ꌧ","KS@"
"ꌧ","KS@n쑺"
"ꌧ","KS@哌"
"ꌧ","KS@k哌"
"ꌧ","KS@ɕ"
"ꌧ","KS@ɐ"
"ꌧ","KS@vē"
"ꌧ","KS@d"
"ꌧ","{ÌS@Ǌԑ"
"ꌧ","dRS@|x"
"ꌧ","dRS@^ߍ"
